{"cameraMode":{"drawMode":0,"name":"Shaded","section":"Shading Mode"},"sceneLighting":true,"audioPlay":false,"sceneViewState":{"m_AlwaysRefresh":false,"showFog":true,"showSkybox":true,"showFlares":true,"showImageEffects":true,"showParticleSystems":true,"showVisualEffectGraphs":true,"m_FxEnabled":true},"in2DMode":false,"pivot":{"x":-4.596502780914307,"y":1.8182779550552369,"z":5.602626800537109},"rotation":{"x":-0.030670206993818284,"y":-0.2645764648914337,"z":0.008417041040956974,"w":-0.9638442993164063},"size":5.689905643463135,"orthographic":false}