{"cameraMode":{"drawMode":0,"name":"Shaded","section":"Shading Mode"},"sceneLighting":true,"audioPlay":false,"sceneViewState":{"m_AlwaysRefresh":false,"showFog":true,"showSkybox":true,"showFlares":true,"showImageEffects":true,"showParticleSystems":true,"showVisualEffectGraphs":true,"m_FxEnabled":true},"in2DMode":false,"pivot":{"x":503.13995361328127,"y":413.932861328125,"z":1084.8250732421875},"rotation":{"x":-0.025864558294415475,"y":-0.32051825523376467,"z":0.008755434304475785,"w":-0.946849524974823},"size":1159.491943359375,"orthographic":false}